{
  "design_name": "uart",
  "baseline_coverage": {
    "functional_coverage": 33.33,
    "line_coverage": 70.46632124352331,
    "branch_coverage": 74.07407407407408,
    "toggle_coverage": 53.57142857142857,
    "total_coverage": 57.86045597225649
  },
  "iterations": [
    {
      "iteration": 1,
      "coverage": {
        "functional_coverage": 33.33,
        "line_coverage": 70.46632124352331,
        "branch_coverage": 74.07407407407408,
        "toggle_coverage": 53.57142857142857,
        "total_coverage": 57.86045597225649
      },
      "targeted_gap": {
        "name": "IDLE",
        "type": "uncovered FSM state",
        "description": ""
      }
    },
    {
      "iteration": 2,
      "coverage": {
        "functional_coverage": 100.0,
        "line_coverage": 71.70731707317073,
        "branch_coverage": 57.407407407407405,
        "toggle_coverage": 55.35714285714286,
        "total_coverage": 71.11796683443025
      },
      "targeted_gap": null
    }
  ],
  "rollback_info": {
    "occurred": false,
    "reason": null,
    "iteration": null
  },
  "final_coverage": {
    "functional_coverage": 100.0,
    "line_coverage": 71.70731707317073,
    "branch_coverage": 57.407407407407405,
    "toggle_coverage": 55.35714285714286,
    "total_coverage": 71.11796683443025
  }
}