{
  "design_name": "uart",
  "baseline_coverage": {
    "functional_coverage": 33.33,
    "line_coverage": 62.69430051813472,
    "branch_coverage": 46.2962962962963,
    "toggle_coverage": 50.89285714285714,
    "total_coverage": 48.30336348932204
  },
  "iterations": [
    {
      "iteration": 1,
      "coverage": {
        "functional_coverage": 33.33,
        "line_coverage": 62.69430051813472,
        "branch_coverage": 46.2962962962963,
        "toggle_coverage": 50.89285714285714,
        "total_coverage": 48.30336348932204
      },
      "targeted_gap": {
        "name": "IDLE",
        "type": "uncovered FSM state",
        "description": ""
      }
    },
    {
      "iteration": 2,
      "coverage": {
        "functional_coverage": 100.0,
        "line_coverage": 81.46341463414633,
        "branch_coverage": 74.07407407407408,
        "toggle_coverage": 64.28571428571429,
        "total_coverage": 79.95580074848367
      },
      "targeted_gap": null
    }
  ],
  "rollback_info": {
    "occurred": false,
    "reason": null,
    "iteration": null
  },
  "final_coverage": {
    "functional_coverage": 100.0,
    "line_coverage": 81.46341463414633,
    "branch_coverage": 74.07407407407408,
    "toggle_coverage": 64.28571428571429,
    "total_coverage": 79.95580074848367
  }
}