{
  "design_name": "uart",
  "baseline_coverage": {
    "functional_coverage": 33.33,
    "line_coverage": 63.212435233160626,
    "branch_coverage": 48.148148148148145,
    "toggle_coverage": 47.32142857142857,
    "total_coverage": 48.003002988184335
  },
  "iterations": [
    {
      "iteration": 1,
      "coverage": {
        "functional_coverage": 33.33,
        "line_coverage": 63.212435233160626,
        "branch_coverage": 48.148148148148145,
        "toggle_coverage": 47.32142857142857,
        "total_coverage": 48.003002988184335
      },
      "targeted_gap": {
        "name": "IDLE",
        "type": "uncovered FSM state",
        "description": ""
      }
    }
  ],
  "rollback_info": {
    "occurred": true,
    "reason": "Compilation failed, simulation failed, or functional coverage decreased from 33.33% to 33.33%",
    "iteration": 2
  },
  "final_coverage": {
    "functional_coverage": 33.33,
    "line_coverage": 62.69430051813472,
    "branch_coverage": 46.2962962962963,
    "toggle_coverage": 29.464285714285715,
    "total_coverage": 48.003002988184335
  }
}